 1) select ename
    -> from employees
    -> where commission is NULL;
+--------+
| ename  |
+--------+
| SMITH  |
| JONES  |
| BLAKE  |
| CLARK  |
| SCOTT  |
| KING   |
| ADAMS  |
| JAMES  |
| FORD   |
| MILLER |
+--------+
10 rows in set (0.00 sec)
------------------------------------------------------------------------------------------------------------------------------
2)  select * from employees
    -> where manager is null;
+-------+-------+-----------+---------+------------+---------+------------+--------+
| empno | ename | job       | manager | hiredate   | salary  | commission | deptno |
+-------+-------+-----------+---------+------------+---------+------------+--------+
|    90 | KING  | PRESIDENT |    NULL | 1981-11-17 | 5000.00 |       NULL |     10 |
+-------+-------+-----------+---------+------------+---------+------------+--------+
1 row in set (0.00 sec)
--------------------------------------------------------------------------------------------------------------------------------
3) select * from employees
    -> where job = 'salesman' and deptno = '30';
+-------+--------+----------+---------+------------+---------+------------+--------+
| empno | ename  | job      | manager | hiredate   | salary  | commission | deptno |
+-------+--------+----------+---------+------------+---------+------------+--------+
|    20 | ALLEN  | SALESMAN |    7698 | 1981-02-20 | 1600.00 |        300 |     30 |
|    30 | WARD   | SALESMAN |    7698 | 1981-02-22 | 1250.00 |        500 |     30 |
|    50 | MARTIN | SALESMAN |    7698 | 1981-09-28 | 1250.00 |       1400 |     30 |
|   100 | TURNER | SALESMAN |    7698 | 1981-09-08 | 1500.00 |          0 |     30 |
+-------+--------+----------+---------+------------+---------+------------+--------+
4 rows in set (0.00 sec)
--------------------------------------------------------------------------------------------------------------------------------
4) select * from employees
    -> where job = 'salesman' and deptno = '30' and salary > 1500;
+-------+-------+----------+---------+------------+---------+------------+--------+
| empno | ename | job      | manager | hiredate   | salary  | commission | deptno |
+-------+-------+----------+---------+------------+---------+------------+--------+
|    20 | ALLEN | SALESMAN |    7698 | 1981-02-20 | 1600.00 |        300 |     30 |
+-------+-------+----------+---------+------------+---------+------------+--------+
1 row in set (0.00 sec)
--------------------------------------------------------------------------------------------------------------------------------
5) select * from employees
    -> where ename like 'S%' or ename like 'A%';
+-------+-------+----------+---------+------------+---------+------------+--------+
| empno | ename | job      | manager | hiredate   | salary  | commission | deptno |
+-------+-------+----------+---------+------------+---------+------------+--------+
|    10 | SMITH | CLERK    |    7902 | 1980-12-17 |  800.00 |       NULL |     20 |
|    20 | ALLEN | SALESMAN |    7698 | 1981-02-20 | 1600.00 |        300 |     30 |
|    80 | SCOTT | ANALYST  |    7566 | 1982-12-09 | 3000.00 |       NULL |     20 |
|   110 | ADAMS | CLERK    |    7788 | 1983-01-12 | 1100.00 |       NULL |     20 |
+-------+-------+----------+---------+------------+---------+------------+--------+
4 rows in set (0.00 sec)
--------------------------------------------------------------------------------------------------------------------------------
6) select * from employees
    -> where deptno NOT in (10,20);
+-------+--------+----------+---------+------------+---------+------------+--------+
| empno | ename  | job      | manager | hiredate   | salary  | commission | deptno |
+-------+--------+----------+---------+------------+---------+------------+--------+
|    20 | ALLEN  | SALESMAN |    7698 | 1981-02-20 | 1600.00 |        300 |     30 |
|    30 | WARD   | SALESMAN |    7698 | 1981-02-22 | 1250.00 |        500 |     30 |
|    50 | MARTIN | SALESMAN |    7698 | 1981-09-28 | 1250.00 |       1400 |     30 |
|    60 | BLAKE  | MANAGER  |    7839 | 1981-05-01 | 2850.00 |       NULL |     30 |
|   100 | TURNER | SALESMAN |    7698 | 1981-09-08 | 1500.00 |          0 |     30 |
|   120 | JAMES  | CLERK    |    7698 | 1981-12-03 |  950.00 |       NULL |     30 |
+-------+--------+----------+---------+------------+---------+------------+--------+
6 rows in set (0.00 sec)
--------------------------------------------------------------------------------------------------------------------------------
7) select * from employees
    -> where ename not like 'S%';
+-------+--------+-----------+---------+------------+---------+------------+--------+
| empno | ename  | job       | manager | hiredate   | salary  | commission | deptno |
+-------+--------+-----------+---------+------------+---------+------------+--------+
|    20 | ALLEN  | SALESMAN  |    7698 | 1981-02-20 | 1600.00 |        300 |     30 |
|    30 | WARD   | SALESMAN  |    7698 | 1981-02-22 | 1250.00 |        500 |     30 |
|    40 | JONES  | MANAGER   |    7839 | 1981-04-02 | 2975.00 |       NULL |     20 |
|    50 | MARTIN | SALESMAN  |    7698 | 1981-09-28 | 1250.00 |       1400 |     30 |
|    60 | BLAKE  | MANAGER   |    7839 | 1981-05-01 | 2850.00 |       NULL |     30 |
|    70 | CLARK  | MANAGER   |    7839 | 1981-06-09 | 2450.00 |       NULL |     10 |
|    90 | KING   | PRESIDENT |    NULL | 1981-11-17 | 5000.00 |       NULL |     10 |
|   100 | TURNER | SALESMAN  |    7698 | 1981-09-08 | 1500.00 |          0 |     30 |
|   110 | ADAMS  | CLERK     |    7788 | 1983-01-12 | 1100.00 |       NULL |     20 |
|   120 | JAMES  | CLERK     |    7698 | 1981-12-03 |  950.00 |       NULL |     30 |
|   130 | FORD   | ANALYST   |    7566 | 1981-12-03 | 3000.00 |       NULL |     20 |
|   140 | MILLER | CLERK     |    7782 | 1982-01-23 | 1300.00 |       NULL |     10 |
+-------+--------+-----------+---------+------------+---------+------------+--------+
12 rows in set (0.00 sec)
--------------------------------------------------------------------------------------------------------------------------------
8)  select * from employees
    -> where job = 'manager' and deptno = 10;
+-------+-------+---------+---------+------------+---------+------------+--------+
| empno | ename | job     | manager | hiredate   | salary  | commission | deptno |
+-------+-------+---------+---------+------------+---------+------------+--------+
|    70 | CLARK | MANAGER |      90 | 1981-06-09 | 2450.00 |       NULL |     10 |
+-------+-------+---------+---------+------------+---------+------------+--------+
1 row in set (0.00 sec)
--------------------------------------------------------------------------------------------------------------------------------
9) select * from employees
    -> where commission is null and job ='clerk';
+-------+--------+-------+---------+------------+---------+------------+--------+
| empno | ename  | job   | manager | hiredate   | salary  | commission | deptno |
+-------+--------+-------+---------+------------+---------+------------+--------+
|    10 | SMITH  | CLERK |      40 | 1980-12-17 |  800.00 |       NULL |     20 |
|   110 | ADAMS  | CLERK |      40 | 1983-01-12 | 1100.00 |       NULL |     20 |
|   120 | JAMES  | CLERK |      40 | 1981-12-03 |  950.00 |       NULL |     30 |
|   140 | MILLER | CLERK |      60 | 1982-01-23 | 1300.00 |       NULL |     10 |
+-------+--------+-------+---------+------------+---------+------------+--------+
4 rows in set (0.00 sec)
--------------------------------------------------------------------------------------------------------------------------------
10)  select * from employees
    -> where job = 'manager' and deptno not in (10,30);
+-------+-------+---------+---------+------------+---------+------------+--------+
| empno | ename | job     | manager | hiredate   | salary  | commission | deptno |
+-------+-------+---------+---------+------------+---------+------------+--------+
|    40 | JONES | MANAGER |      70 | 1981-04-02 | 2975.00 |       NULL |     20 |
+-------+-------+---------+---------+------------+---------+------------+--------+
1 row in set (0.00 sec)
--------------------------------------------------------------------------------------------------------------------------------
11)select * from employees
    -> where job = 'salesman' and deptno = 30 and salary > 2450;
Empty set (0.00 sec)
--------------------------------------------------------------------------------------------------------------------------------
12) select * from employees
    -> where job = 'analyst' and deptno = 20 and salary > 2500;
+-------+-------+---------+---------+------------+---------+------------+--------+
| empno | ename | job     | manager | hiredate   | salary  | commission | deptno |
+-------+-------+---------+---------+------------+---------+------------+--------+
|    80 | SCOTT | ANALYST |      40 | 1982-12-09 | 3000.00 |       NULL |     20 |
|   130 | FORD  | ANALYST |      60 | 1981-12-03 | 3000.00 |       NULL |     20 |
+-------+-------+---------+---------+------------+---------+------------+--------+
2 rows in set (0.00 sec)
--------------------------------------------------------------------------------------------------------------------------------
13)  select * from employees
    -> where ename like 'A%' or ename like 'J%';
+-------+-------+----------+---------+------------+---------+------------+--------+
| empno | ename | job      | manager | hiredate   | salary  | commission | deptno |
+-------+-------+----------+---------+------------+---------+------------+--------+
|    20 | ALLEN | SALESMAN |      70 | 1981-02-20 | 1600.00 |        300 |     30 |
|    40 | JONES | MANAGER  |      70 | 1981-04-02 | 2975.00 |       NULL |     20 |
|   110 | ADAMS | CLERK    |      40 | 1983-01-12 | 1100.00 |       NULL |     20 |
|   120 | JAMES | CLERK    |      40 | 1981-12-03 |  950.00 |       NULL |     30 |
+-------+-------+----------+---------+------------+---------+------------+--------+
4 rows in set (0.00 sec)
--------------------------------------------------------------------------------------------------------------------------------
14) select ename,salary*12 as Annual_Salary from employees
    -> where deptno != 30;
+--------+---------------+
| ename  | Annual_Salary |
+--------+---------------+
| SMITH  |       9600.00 |
| JONES  |      35700.00 |
| CLARK  |      29400.00 |
| SCOTT  |      36000.00 |
| KING   |      60000.00 |
| ADAMS  |      13200.00 |
| FORD   |      36000.00 |
| MILLER |      15600.00 |
+--------+---------------+
8 rows in set (0.05 sec)
--------------------------------------------------------------------------------------------------------------------------------
15) select * from employees
    -> where ename like '%ES' or ename like '%R';
+-------+--------+----------+---------+------------+---------+------------+--------+
| empno | ename  | job      | manager | hiredate   | salary  | commission | deptno |
+-------+--------+----------+---------+------------+---------+------------+--------+
|    40 | JONES  | MANAGER  |      70 | 1981-04-02 | 2975.00 |       NULL |     20 |
|   100 | TURNER | SALESMAN |      70 | 1981-09-08 | 1500.00 |          0 |     30 |
|   120 | JAMES  | CLERK    |      40 | 1981-12-03 |  950.00 |       NULL |     30 |
|   140 | MILLER | CLERK    |      60 | 1982-01-23 | 1300.00 |       NULL |     10 |
+-------+--------+----------+---------+------------+---------+------------+--------+
4 rows in set (0.00 sec)
--------------------------------------------------------------------------------------------------------------------------------
16)  select *,salary*10/100 as 10_hike from employees
    -> where job = 'manager' and deptno = 10 ;
+-------+-------+---------+---------+------------+---------+------------+--------+------------+
| empno | ename | job     | manager | hiredate   | salary  | commission | deptno | 10_hike    |
+-------+-------+---------+---------+------------+---------+------------+--------+------------+
|    70 | CLARK | MANAGER |      90 | 1981-06-09 | 2450.00 |       NULL |     10 | 245.000000 |
+-------+-------+---------+---------+------------+---------+------------+--------+------------+
1 row in set (0.00 sec)
--------------------------------------------------------------------------------------------------------------------------------
17) select * from employees
    -> where job ='salesman' and ename like '%E' and salary like '____.__';
Empty set (0.02 sec)
--------------------------------------------------------------------------------------------------------------------------------
18) select * from employees
    -> where hiredate > '1981-12-31';
+-------+--------+---------+---------+------------+---------+------------+--------+
| empno | ename  | job     | manager | hiredate   | salary  | commission | deptno |
+-------+--------+---------+---------+------------+---------+------------+--------+
|    80 | SCOTT  | ANALYST |      40 | 1982-12-09 | 3000.00 |       NULL |     20 |
|   110 | ADAMS  | CLERK   |      40 | 1983-01-12 | 1100.00 |       NULL |     20 |
|   140 | MILLER | CLERK   |      60 | 1982-01-23 | 1300.00 |       NULL |     10 |
+-------+--------+---------+---------+------------+---------+------------+--------+
3 rows in set (0.00 sec)
--------------------------------------------------------------------------------------------------------------------------------
19)  select * from employees
    -> where hiredate like '%-02-%';
+-------+-------+----------+---------+------------+---------+------------+--------+
| empno | ename | job      | manager | hiredate   | salary  | commission | deptno |
+-------+-------+----------+---------+------------+---------+------------+--------+
|    20 | ALLEN | SALESMAN |      70 | 1981-02-20 | 1600.00 |        300 |     30 |
|    30 | WARD  | SALESMAN |      60 | 1981-02-22 | 1250.00 |        500 |     30 |
+-------+-------+----------+---------+------------+---------+------------+--------+
2 rows in set, 1 warning (0.00 sec)
--------------------------------------------------------------------------------------------------------------------------------
20)select * from employees
    -> where job not in ('manager','clerk') and deptno in (10,20) and salary between 1000.00 and 3000.00;
+-------+-------+---------+---------+------------+---------+------------+--------+
| empno | ename | job     | manager | hiredate   | salary  | commission | deptno |
+-------+-------+---------+---------+------------+---------+------------+--------+
|    80 | SCOTT | ANALYST |      40 | 1982-12-09 | 3000.00 |       NULL |     20 |
|   130 | FORD  | ANALYST |      60 | 1981-12-03 | 3000.00 |       NULL |     20 |
+-------+-------+---------+---------+------------+---------+------------+--------+
2 rows in set (0.00 sec)
--------------------------------------------------------------------------------------------------------------------------------
21)  select * from employees
    -> where salary not between 1000.00 and 2000.00 and deptno in (10,20,30) and job != 'salesman';
+-------+-------+-----------+---------+------------+---------+------------+--------+
| empno | ename | job       | manager | hiredate   | salary  | commission | deptno |
+-------+-------+-----------+---------+------------+---------+------------+--------+
|    10 | SMITH | CLERK     |      40 | 1980-12-17 |  800.00 |       NULL |     20 |
|    40 | JONES | MANAGER   |      70 | 1981-04-02 | 2975.00 |       NULL |     20 |
|    60 | BLAKE | MANAGER   |      70 | 1981-05-01 | 2850.00 |       NULL |     30 |
|    70 | CLARK | MANAGER   |      90 | 1981-06-09 | 2450.00 |       NULL |     10 |
|    80 | SCOTT | ANALYST   |      40 | 1982-12-09 | 3000.00 |       NULL |     20 |
|    90 | KING  | PRESIDENT |    NULL | 1981-11-17 | 5000.00 |       NULL |     10 |
|   120 | JAMES | CLERK     |      40 | 1981-12-03 |  950.00 |       NULL |     30 |
|   130 | FORD  | ANALYST   |      60 | 1981-12-03 | 3000.00 |       NULL |     20 |
+-------+-------+-----------+---------+------------+---------+------------+--------+
8 rows in set (0.00 sec)
--------------------------------------------------------------------------------------------------------------------------------
22) select dname,loc from departments
    -> where loc like '%O%' or dname like '%O';
+------------+-----------+
| dname      | loc       |
+------------+-----------+
| OPERATIONS | BANGALORE |
+------------+-----------+
1 row in set (0.00 sec)
--------------------------------------------------------------------------------------------------------------------------------
23)  select * from employees
    -> where job like '%man%';
+-------+--------+----------+---------+------------+---------+------------+--------+
| empno | ename  | job      | manager | hiredate   | salary  | commission | deptno |
+-------+--------+----------+---------+------------+---------+------------+--------+
|    20 | ALLEN  | SALESMAN |      70 | 1981-02-20 | 1600.00 |        300 |     30 |
|    30 | WARD   | SALESMAN |      60 | 1981-02-22 | 1250.00 |        500 |     30 |
|    40 | JONES  | MANAGER  |      70 | 1981-04-02 | 2975.00 |       NULL |     20 |
|    50 | MARTIN | SALESMAN |      60 | 1981-09-28 | 1250.00 |       1400 |     30 |
|    60 | BLAKE  | MANAGER  |      70 | 1981-05-01 | 2850.00 |       NULL |     30 |
|    70 | CLARK  | MANAGER  |      90 | 1981-06-09 | 2450.00 |       NULL |     10 |
|   100 | TURNER | SALESMAN |      70 | 1981-09-08 | 1500.00 |          0 |     30 |
+-------+--------+----------+---------+------------+---------+------------+--------+
7 rows in set (0.00 sec)
--------------------------------------------------------------------------------------------------------------------------------
24)  select * from employees
    -> where hiredate between '1982-12-31' and '1987-01-01';
+-------+-------+-------+---------+------------+---------+------------+--------+
| empno | ename | job   | manager | hiredate   | salary  | commission | deptno |
+-------+-------+-------+---------+------------+---------+------------+--------+
|   110 | ADAMS | CLERK |      40 | 1983-01-12 | 1100.00 |       NULL |     20 |
+-------+-------+-------+---------+------------+---------+------------+--------+
1 row in set (0.00 sec)
--------------------------------------------------------------------------------------------------------------------------------
25)
--------------------------------------------------------------------------------------------------------------------------------
26)  select ename,commission from employees
    -> where commission > salary
    -> ;
+--------+------------+
| ename  | commission |
+--------+------------+
| MARTIN |       1400 |
+--------+------------+
1 row in set (0.00 sec)
--------------------------------------------------------------------------------------------------------------------------------
27)  select ename, job from employees
    -> where job = 'manager' and ename like 'S%';
Empty set (0.00 sec)
--------------------------------------------------------------------------------------------------------------------------------
28)  select ename,salary from employees
    -> where salary*12 like '%0';
+--------+---------+
| ename  | salary  |
+--------+---------+
| SMITH  |  800.00 |
| ALLEN  | 1600.00 |
| WARD   | 1250.00 |
| JONES  | 2975.00 |
| MARTIN | 1250.00 |
| BLAKE  | 2850.00 |
| CLARK  | 2450.00 |
| SCOTT  | 3000.00 |
| KING   | 5000.00 |
| TURNER | 1500.00 |
| ADAMS  | 1100.00 |
| JAMES  |  950.00 |
| FORD   | 3000.00 |
| MILLER | 1300.00 |
+--------+---------+
14 rows in set (0.00 sec)
--------------------------------------------------------------------------------------------------------------------------------
29) select ename from employees
    -> where ename like '%LL%';
+--------+
| ename  |
+--------+
| ALLEN  |
| MILLER |
+--------+
2 rows in set (0.00 sec)
--------------------------------------------------------------------------------------------------------------------------------
30) 

--------------------------------------------------------------------------------------------------------------------------------
